<Anims>
 <anim name="idle_loop" root="sz_tx" numframes="1000" framerate="40">
  <frame idx="0" w="176" h="493" x="-33.971100" y="-351.170715">
   <element name="butterfly_wingtop" layername="butterfly_wingtop" frame="0" z_index="1" m_a="1.298984" m_b="-0.165940" m_c="0.165938" m_d="1.298974" m_tx="10.700000" m_ty="-274.949005"/>
   <element name="butterfly_wingbottom" layername="butterfly_wingbottom" frame="0" z_index="2" m_a="1.103069" m_b="0.699569" m_c="-0.699569" m_d="1.103069" m_tx="3.500000" m_ty="-258.648987"/>
   <element name="butterfly_head" layername="butterfly_head" frame="0" z_index="3" m_a="1.016067" m_b="-0.825773" m_c="0.825773" m_d="1.016067" m_tx="18.650000" m_ty="-282.498993"/>
   <element name="butterfly_body" layername="butterfly_body" frame="0" z_index="4" m_a="1.040686" m_b="0.793450" m_c="-0.793450" m_d="1.040686" m_tx="20.299999" m_ty="-283.848999"/>
   <element name="butterfly_wingtop" layername="butterfly_wingtop" frame="1" z_index="5" m_a="1.308214" m_b="0.036747" m_c="-0.036747" m_d="1.308214" m_tx="15.100000" m_ty="-278.049011"/>
  </frame>
  <frame idx="25" w="176" h="500" x="-34.855995" y="-352.835785">
   <element name="butterfly_wingtop" layername="butterfly_wingtop" frame="0" z_index="1" m_a="1.294892" m_b="-0.284386" m_c="0.282966" m_d="1.288426" m_tx="10.332353" m_ty="-275.537231"/>
   <element name="butterfly_wingbottom" layername="butterfly_wingbottom" frame="0" z_index="2" m_a="1.144517" m_b="0.625514" m_c="-0.625514" m_d="1.144517" m_tx="2.985294" m_ty="-259.200470"/>
   <element name="butterfly_head" layername="butterfly_head" frame="0" z_index="3" m_a="1.014741" m_b="-0.824629" m_c="0.824629" m_d="1.014741" m_tx="18.282352" m_ty="-282.976929"/>
   <element name="butterfly_body" layername="butterfly_body" frame="0" z_index="4" m_a="1.031487" m_b="0.802359" m_c="-0.802359" m_d="1.031487" m_tx="19.969118" m_ty="-284.253387"/>
   <element name="butterfly_wingtop" layername="butterfly_wingtop" frame="1" z_index="5" m_a="1.276051" m_b="0.122312" m_c="-0.123448" m_d="1.287908" m_tx="14.695588" m_ty="-278.563690"/>
  </frame>
  <frame idx="50" w="177" h="516" x="-36.697464" y="-356.056000">
   <element name="butterfly_wingtop" layername="butterfly_wingtop" frame="0" z_index="1" m_a="1.237481" m_b="-0.567736" m_c="0.562107" m_d="1.225211" m_tx="9.448484" m_ty="-276.718689"/>
   <element name="butterfly_wingbottom" layername="butterfly_wingbottom" frame="0" z_index="2" m_a="1.224412" m_b="0.446252" m_c="-0.446252" m_d="1.224412" m_tx="1.684848" m_ty="-260.489899"/>
   <element name="butterfly_head" layername="butterfly_head" frame="0" z_index="3" m_a="1.014888" m_b="-0.824426" m_c="0.824426" m_d="1.014888" m_tx="17.519697" m_ty="-283.924744"/>
   <element name="butterfly_body" layername="butterfly_body" frame="0" z_index="4" m_a="1.014071" m_b="0.823802" m_c="-0.823802" m_d="1.014071" m_tx="19.195456" m_ty="-285.150513"/>
   <element name="butterfly_wingtop" layername="butterfly_wingtop" frame="1" z_index="5" m_a="1.163718" m_b="0.322329" m_c="-0.339410" m_d="1.225387" m_tx="13.871212" m_ty="-279.621735"/>
  </frame>
  <frame idx="75" w="179" h="528" x="-38.653355" y="-359.670898">
   <element name="butterfly_wingtop" layername="butterfly_wingtop" frame="0" z_index="1" m_a="1.195474" m_b="-0.710224" m_c="0.700944" m_d="1.179854" m_tx="8.868181" m_ty="-279.373230"/>
   <element name="butterfly_wingbottom" layername="butterfly_wingbottom" frame="0" z_index="2" m_a="1.253941" m_b="0.350711" m_c="-0.350711" m_d="1.253941" m_tx="0.306303" m_ty="-263.430817"/>
   <element name="butterfly_head" layername="butterfly_head" frame="0" z_index="3" m_a="1.019273" m_b="-0.818951" m_c="0.818951" m_d="1.019273" m_tx="17.116667" m_ty="-286.106567"/>
   <element name="butterfly_body" layername="butterfly_body" frame="0" z_index="4" m_a="0.979391" m_b="0.864351" m_c="-0.864351" m_d="0.979391" m_tx="18.790909" m_ty="-287.270203"/>
   <element name="butterfly_wingtop" layername="butterfly_wingtop" frame="1" z_index="5" m_a="1.053900" m_b="0.478406" m_c="-0.521253" m_d="1.148289" m_tx="13.331818" m_ty="-282.003571"/>
  </frame>
  <frame idx="100" w="179" h="538" x="-38.283890" y="-366.016815">
   <element name="butterfly_wingtop" layername="butterfly_wingtop" frame="0" z_index="1" m_a="1.334322" m_b="-0.359643" m_c="0.355005" m_d="1.317116" m_tx="9.550000" m_ty="-284.449005"/>
   <element name="butterfly_wingbottom" layername="butterfly_wingbottom" frame="0" z_index="2" m_a="1.167428" m_b="0.571664" m_c="-0.571664" m_d="1.167428" m_tx="-0.299000" m_ty="-268.998993"/>
   <element name="butterfly_head" layername="butterfly_head" frame="0" z_index="3" m_a="1.030702" m_b="-0.801043" m_c="0.801043" m_d="1.030702" m_tx="17.950001" m_ty="-290.348999"/>
   <element name="butterfly_body" layername="butterfly_body" frame="0" z_index="4" m_a="0.915984" m_b="0.928378" m_c="-0.928378" m_d="0.915984" m_tx="19.700001" m_ty="-291.398987"/>
   <element name="butterfly_wingtop" layername="butterfly_wingtop" frame="1" z_index="5" m_a="1.112831" m_b="0.489147" m_c="-0.516888" m_d="1.175944" m_tx="13.900000" m_ty="-286.549011"/>
  </frame>
  <frame idx="125" w="180" h="548" x="-37.714119" y="-372.367493">
   <element name="butterfly_wingtop" layername="butterfly_wingtop" frame="0" z_index="1" m_a="1.353205" m_b="0.004247" m_c="-0.004330" m_d="1.379871" m_tx="10.211764" m_ty="-289.449005"/>
   <element name="butterfly_wingbottom" layername="butterfly_wingbottom" frame="0" z_index="2" m_a="1.046272" m_b="0.772070" m_c="-0.772070" m_d="1.046272" m_tx="-0.887235" m_ty="-274.403412"/>
   <element name="butterfly_head" layername="butterfly_head" frame="0" z_index="3" m_a="1.043272" m_b="-0.786278" m_c="0.786278" m_d="1.043272" m_tx="18.832354" m_ty="-294.503418"/>
   <element name="butterfly_body" layername="butterfly_body" frame="0" z_index="4" m_a="0.851909" m_b="0.989038" m_c="-0.989038" m_d="0.851909" m_tx="20.582354" m_ty="-295.406342"/>
   <element name="butterfly_wingtop" layername="butterfly_wingtop" frame="1" z_index="5" m_a="1.169415" m_b="0.505981" m_c="-0.521152" m_d="1.204479" m_tx="14.414706" m_ty="-290.997528"/>
  </frame>
  <frame idx="150" w="182" h="556" x="-37.724407" y="-377.918304">
   <element name="butterfly_wingtop" layername="butterfly_wingtop" frame="0" z_index="1" m_a="1.365469" m_b="-0.110942" m_c="0.111115" m_d="1.367594" m_tx="11.395454" m_ty="-295.079285"/>
   <element name="butterfly_wingbottom" layername="butterfly_wingbottom" frame="0" z_index="2" m_a="1.091213" m_b="0.704533" m_c="-0.704533" m_d="1.091213" m_tx="0.064152" m_ty="-279.718689"/>
   <element name="butterfly_head" layername="butterfly_head" frame="0" z_index="3" m_a="1.049024" m_b="-0.777104" m_c="0.777104" m_d="1.049024" m_tx="19.804544" m_ty="-299.902039"/>
   <element name="butterfly_body" layername="butterfly_body" frame="0" z_index="4" m_a="0.852337" m_b="0.987287" m_c="-0.987287" m_d="0.852337" m_tx="21.481817" m_ty="-300.752014"/>
   <element name="butterfly_wingtop" layername="butterfly_wingtop" frame="1" z_index="5" m_a="1.115804" m_b="0.551807" m_c="-0.576639" m_d="1.166016" m_tx="15.303030" m_ty="-296.356567"/>
  </frame>
  <frame idx="175" w="182" h="563" x="-36.822536" y="-383.024170">
   <element name="butterfly_wingtop" layername="butterfly_wingtop" frame="0" z_index="1" m_a="1.321309" m_b="-0.493705" m_c="0.473786" m_d="1.268000" m_tx="12.860606" m_ty="-301.076263"/>
   <element name="butterfly_wingbottom" layername="butterfly_wingbottom" frame="0" z_index="2" m_a="1.206819" m_b="0.475841" m_c="-0.475841" m_d="1.206819" m_tx="1.893939" m_ty="-285.008087"/>
   <element name="butterfly_head" layername="butterfly_head" frame="0" z_index="3" m_a="1.051502" m_b="-0.772126" m_c="0.772126" m_d="1.051502" m_tx="20.815151" m_ty="-305.976288"/>
   <element name="butterfly_body" layername="butterfly_body" frame="0" z_index="4" m_a="0.889907" m_b="0.951847" m_c="-0.951847" m_d="0.889907" m_tx="22.427273" m_ty="-306.862610"/>
   <element name="butterfly_wingtop" layername="butterfly_wingtop" frame="1" z_index="5" m_a="1.000217" m_b="0.604132" m_c="-0.654567" m_d="1.083719" m_tx="16.425756" m_ty="-302.227783"/>
  </frame>
  <frame idx="200" w="182" h="568" x="-35.398460" y="-387.805359">
   <element name="butterfly_wingtop" layername="butterfly_wingtop" frame="0" z_index="1" m_a="1.174865" m_b="-0.845237" m_c="0.782878" m_d="1.088187" m_tx="14.300000" m_ty="-307.098999"/>
   <element name="butterfly_wingbottom" layername="butterfly_wingbottom" frame="0" z_index="2" m_a="1.276196" m_b="0.232936" m_c="-0.232936" m_d="1.276196" m_tx="3.750000" m_ty="-290.348999"/>
   <element name="butterfly_head" layername="butterfly_head" frame="0" z_index="3" m_a="1.055041" m_b="-0.769214" m_c="0.769214" m_d="1.055041" m_tx="21.799999" m_ty="-311.998993"/>
   <element name="butterfly_body" layername="butterfly_body" frame="0" z_index="4" m_a="0.927203" m_b="0.916903" m_c="-0.916903" m_d="0.927203" m_tx="23.450001" m_ty="-312.998993"/>
   <element name="butterfly_wingtop" layername="butterfly_wingtop" frame="1" z_index="5" m_a="0.886892" m_b="0.646899" m_c="-0.724367" m_d="0.993101" m_tx="17.600000" m_ty="-308.098999"/>
  </frame>
  <frame idx="225" w="182" h="582" x="-35.204514" y="-395.721466">
   <element name="butterfly_wingtop" layername="butterfly_wingtop" frame="0" z_index="1" m_a="1.351361" m_b="-0.483484" m_c="0.452326" m_d="1.264273" m_tx="14.557353" m_ty="-312.172516"/>
   <element name="butterfly_wingbottom" layername="butterfly_wingbottom" frame="0" z_index="2" m_a="1.188891" m_b="0.514332" m_c="-0.514332" m_d="1.188891" m_tx="3.382353" m_ty="-295.532806"/>
   <element name="butterfly_head" layername="butterfly_head" frame="0" z_index="3" m_a="1.072890" m_b="-0.741273" m_c="0.741273" m_d="1.072890" m_tx="22.020588" m_ty="-316.594574"/>
   <element name="butterfly_body" layername="butterfly_body" frame="0" z_index="4" m_a="0.897028" m_b="0.944052" m_c="-0.944052" m_d="0.897028" m_tx="23.670588" m_ty="-317.521057"/>
   <element name="butterfly_wingtop" layername="butterfly_wingtop" frame="1" z_index="5" m_a="0.999976" m_b="0.637317" m_c="-0.694539" m_d="1.089759" m_tx="17.710295" m_ty="-312.841644"/>
  </frame>
  <frame idx="250" w="182" h="594" x="-34.226257" y="-403.567902">
   <element name="butterfly_wingtop" layername="butterfly_wingtop" frame="0" z_index="1" m_a="1.400078" m_b="-0.076001" m_c="0.074149" m_d="1.365966" m_tx="14.868182" m_ty="-317.392944"/>
   <element name="butterfly_wingbottom" layername="butterfly_wingbottom" frame="0" z_index="2" m_a="1.037111" m_b="0.775800" m_c="-0.775800" m_d="1.037111" m_tx="2.959091" m_ty="-300.720215"/>
   <element name="butterfly_head" layername="butterfly_head" frame="0" z_index="3" m_a="1.090482" m_b="-0.715564" m_c="0.715564" m_d="1.090482" m_tx="22.221212" m_ty="-321.230804"/>
   <element name="butterfly_body" layername="butterfly_body" frame="0" z_index="4" m_a="0.868267" m_b="0.971013" m_c="-0.971013" m_d="0.868267" m_tx="23.895454" m_ty="-322.130829"/>
   <element name="butterfly_wingtop" layername="butterfly_wingtop" frame="1" z_index="5" m_a="1.124238" m_b="0.617336" m_c="-0.652048" m_d="1.187452" m_tx="17.822727" m_ty="-317.627777"/>
  </frame>
  <frame idx="275" w="180" h="605" x="-33.610973" y="-410.438019">
   <element name="butterfly_wingtop" layername="butterfly_wingtop" frame="0" z_index="1" m_a="1.388197" m_b="0.087231" m_c="-0.086546" m_d="1.377284" m_tx="14.748485" m_ty="-322.841431"/>
   <element name="butterfly_wingbottom" layername="butterfly_wingbottom" frame="0" z_index="2" m_a="0.957022" m_b="0.872730" m_c="-0.872730" m_d="0.957022" m_tx="2.140909" m_ty="-306.103546"/>
   <element name="butterfly_head" layername="butterfly_head" frame="0" z_index="3" m_a="1.104999" m_b="-0.693722" m_c="0.693722" m_d="1.104999" m_tx="21.937880" m_ty="-326.120209"/>
   <element name="butterfly_body" layername="butterfly_body" frame="0" z_index="4" m_a="0.842333" m_b="0.994305" m_c="-0.994305" m_d="0.842333" m_tx="23.650000" m_ty="-326.995972"/>
   <element name="butterfly_wingtop" layername="butterfly_wingtop" frame="1" z_index="5" m_a="1.150105" m_b="0.622947" m_c="-0.660907" m_d="1.220189" m_tx="17.463636" m_ty="-322.644440"/>
  </frame>
  <frame idx="300" w="183" h="608" x="-37.382755" y="-414.436066">
   <element name="butterfly_wingtop" layername="butterfly_wingtop" frame="0" z_index="1" m_a="1.423163" m_b="-0.285001" m_c="0.262430" m_d="1.310451" m_tx="13.650000" m_ty="-328.598999"/>
   <element name="butterfly_wingbottom" layername="butterfly_wingbottom" frame="0" z_index="2" m_a="1.110725" m_b="0.663307" m_c="-0.663307" m_d="1.110725" m_tx="0.550000" m_ty="-311.898987"/>
   <element name="butterfly_head" layername="butterfly_head" frame="0" z_index="3" m_a="1.113300" m_b="-0.677629" m_c="0.677629" m_d="1.113300" m_tx="20.650000" m_ty="-331.498993"/>
   <element name="butterfly_body" layername="butterfly_body" frame="0" z_index="4" m_a="0.821049" m_b="1.010048" m_c="-1.010048" m_d="0.821049" m_tx="22.400000" m_ty="-332.299011"/>
   <element name="butterfly_wingtop" layername="butterfly_wingtop" frame="1" z_index="5" m_a="0.953224" m_b="0.680581" m_c="-0.789584" m_d="1.105895" m_tx="16.100000" m_ty="-328.098999"/>
  </frame>
  <frame idx="325" w="185" h="604" x="-39.847343" y="-416.599152">
   <element name="butterfly_wingtop" layername="butterfly_wingtop" frame="0" z_index="1" m_a="1.365042" m_b="-0.615105" m_c="0.536766" m_d="1.191192" m_tx="12.620588" m_ty="-334.260773"/>
   <element name="butterfly_wingbottom" layername="butterfly_wingbottom" frame="0" z_index="2" m_a="1.218481" m_b="0.438718" m_c="-0.438718" m_d="1.218481" m_tx="-1.103676" m_ty="-317.450470"/>
   <element name="butterfly_head" layername="butterfly_head" frame="0" z_index="3" m_a="1.123032" m_b="-0.664167" m_c="0.664167" m_d="1.123032" m_tx="19.436764" m_ty="-336.719574"/>
   <element name="butterfly_body" layername="butterfly_body" frame="0" z_index="4" m_a="0.802539" m_b="1.026917" m_c="-1.026917" m_d="0.802539" m_tx="21.260294" m_ty="-337.482819"/>
   <element name="butterfly_wingtop" layername="butterfly_wingtop" frame="1" z_index="5" m_a="0.808065" m_b="0.717162" m_c="-0.865299" m_d="0.974979" m_tx="14.849999" m_ty="-333.393127"/>
  </frame>
  <frame idx="350" w="186" h="611" x="-40.968117" y="-423.241608">
   <element name="butterfly_wingtop" layername="butterfly_wingtop" frame="0" z_index="1" m_a="1.426769" m_b="-0.386123" m_c="0.346879" m_d="1.281759" m_tx="11.886364" m_ty="-340.808105"/>
   <element name="butterfly_wingbottom" layername="butterfly_wingbottom" frame="0" z_index="2" m_a="1.185263" m_b="0.523273" m_c="-0.523273" m_d="1.185263" m_tx="-2.402030" m_ty="-325.364136"/>
   <element name="butterfly_head" layername="butterfly_head" frame="0" z_index="3" m_a="1.104265" m_b="-0.694388" m_c="0.694388" m_d="1.104265" m_tx="19.509090" m_ty="-342.914154"/>
   <element name="butterfly_body" layername="butterfly_body" frame="0" z_index="4" m_a="0.721612" m_b="1.085999" m_c="-1.085999" m_d="0.721612" m_tx="21.359091" m_ty="-343.518707"/>
   <element name="butterfly_wingtop" layername="butterfly_wingtop" frame="1" z_index="5" m_a="0.761938" m_b="0.741871" m_c="-0.918808" m_d="0.943661" m_tx="14.690908" m_ty="-339.953552"/>
  </frame>
  <frame idx="375" w="191" h="630" x="-45.729012" y="-435.212524">
   <element name="butterfly_wingtop" layername="butterfly_wingtop" frame="0" z_index="1" m_a="1.414999" m_b="0.182201" m_c="-0.175277" m_d="1.361224" m_tx="11.354546" m_ty="-347.902039"/>
   <element name="butterfly_wingbottom" layername="butterfly_wingbottom" frame="0" z_index="2" m_a="1.045042" m_b="0.767699" m_c="-0.767699" m_d="1.045042" m_tx="-3.476273" m_ty="-334.606567"/>
   <element name="butterfly_head" layername="butterfly_head" frame="0" z_index="3" m_a="1.067720" m_b="-0.748879" m_c="0.748879" m_d="1.067720" m_tx="20.292423" m_ty="-349.656555"/>
   <element name="butterfly_body" layername="butterfly_body" frame="0" z_index="4" m_a="0.600129" m_b="1.158535" m_c="-1.158535" m_d="0.600129" m_tx="22.142424" m_ty="-350.058105"/>
   <element name="butterfly_wingtop" layername="butterfly_wingtop" frame="1" z_index="5" m_a="0.769991" m_b="0.769222" m_c="-0.968846" m_d="0.969813" m_tx="15.145454" m_ty="-347.226257"/>
  </frame>
  <frame idx="400" w="199" h="650" x="-52.596710" y="-447.685638">
   <element name="butterfly_wingtop" layername="butterfly_wingtop" frame="0" z_index="1" m_a="1.175636" m_b="0.730886" m_c="-0.741942" m_d="1.193419" m_tx="10.900000" m_ty="-355.098999"/>
   <element name="butterfly_wingbottom" layername="butterfly_wingbottom" frame="0" z_index="2" m_a="0.856864" m_b="0.977376" m_c="-0.977376" m_d="0.856864" m_tx="-4.499000" m_ty="-343.848999"/>
   <element name="butterfly_head" layername="butterfly_head" frame="0" z_index="3" m_a="1.029143" m_b="-0.803939" m_c="0.803939" m_d="1.029143" m_tx="21.049999" m_ty="-356.398987"/>
   <element name="butterfly_body" layername="butterfly_body" frame="0" z_index="4" m_a="0.474190" m_b="1.218494" m_c="-1.218494" m_d="0.474190" m_tx="22.900000" m_ty="-356.648987"/>
   <element name="butterfly_wingtop" layername="butterfly_wingtop" frame="1" z_index="5" m_a="0.777638" m_b="0.797766" m_c="-1.022537" m_d="0.996738" m_tx="15.600000" m_ty="-354.498993"/>
  </frame>
  <frame idx="425" w="201" h="641" x="-55.016449" y="-440.949036">
   <element name="butterfly_wingtop" layername="butterfly_wingtop" frame="0" z_index="1" m_a="1.180085" m_b="0.736343" m_c="-0.742734" m_d="1.190327" m_tx="10.127941" m_ty="-349.363708"/>
   <element name="butterfly_wingbottom" layername="butterfly_wingbottom" frame="0" z_index="2" m_a="0.824651" m_b="1.003610" m_c="-1.003610" m_d="0.824651" m_tx="-5.491647" m_ty="-338.665192"/>
   <element name="butterfly_head" layername="butterfly_head" frame="0" z_index="3" m_a="1.050000" m_b="-0.773901" m_c="0.773901" m_d="1.050000" m_tx="20.388235" m_ty="-350.406342"/>
   <element name="butterfly_body" layername="butterfly_body" frame="0" z_index="4" m_a="0.434992" m_b="1.231892" m_c="-1.231892" m_d="0.434992" m_tx="22.238235" m_ty="-350.582825"/>
   <element name="butterfly_wingtop" layername="butterfly_wingtop" frame="1" z_index="5" m_a="0.747618" m_b="0.829681" m_c="-1.057935" m_d="0.953295" m_tx="14.827942" m_ty="-348.726929"/>
  </frame>
  <frame idx="450" w="203" h="633" x="-57.482819" y="-434.698364">
   <element name="butterfly_wingtop" layername="butterfly_wingtop" frame="0" z_index="1" m_a="1.185018" m_b="0.743675" m_c="-0.745055" m_d="1.187217" m_tx="9.365152" m_ty="-343.589905"/>
   <element name="butterfly_wingbottom" layername="butterfly_wingbottom" frame="0" z_index="2" m_a="0.790898" m_b="1.028084" m_c="-1.028084" m_d="0.790898" m_tx="-6.503545" m_ty="-333.453552"/>
   <element name="butterfly_head" layername="butterfly_head" frame="0" z_index="3" m_a="1.071679" m_b="-0.742665" m_c="0.742665" m_d="1.071679" m_tx="19.689394" m_ty="-344.273254"/>
   <element name="butterfly_body" layername="butterfly_body" frame="0" z_index="4" m_a="0.394722" m_b="1.244990" m_c="-1.244990" m_d="0.394722" m_tx="21.539394" m_ty="-344.495972"/>
   <element name="butterfly_wingtop" layername="butterfly_wingtop" frame="1" z_index="5" m_a="0.718121" m_b="0.863306" m_c="-1.091149" m_d="0.907647" m_tx="14.089395" m_ty="-342.818695"/>
  </frame>
  <frame idx="475" w="206" h="623" x="-60.403027" y="-427.923920">
   <element name="butterfly_wingtop" layername="butterfly_wingtop" frame="0" z_index="1" m_a="1.190123" m_b="0.751276" m_c="-0.747971" m_d="1.184888" m_tx="8.643940" m_ty="-337.770203"/>
   <element name="butterfly_wingbottom" layername="butterfly_wingbottom" frame="0" z_index="2" m_a="0.755996" m_b="1.051673" m_c="-1.051673" m_d="0.755996" m_tx="-7.514152" m_ty="-328.202026"/>
   <element name="butterfly_head" layername="butterfly_head" frame="0" z_index="3" m_a="1.093360" m_b="-0.710413" m_c="0.710413" m_d="1.093360" m_tx="18.969698" m_ty="-338.109619"/>
   <element name="butterfly_body" layername="butterfly_body" frame="0" z_index="4" m_a="0.354642" m_b="1.257010" m_c="-1.257010" m_d="0.354642" m_tx="20.819696" m_ty="-338.348999"/>
   <element name="butterfly_wingtop" layername="butterfly_wingtop" frame="1" z_index="5" m_a="0.688267" m_b="0.896604" m_c="-1.122052" m_d="0.861329" m_tx="13.345455" m_ty="-336.845947"/>
  </frame>
  <frame idx="500" w="208" h="615" x="-62.673019" y="-421.615631">
   <element name="butterfly_wingtop" layername="butterfly_wingtop" frame="0" z_index="1" m_a="1.195052" m_b="0.757174" m_c="-0.750329" m_d="1.184248" m_tx="8.000000" m_ty="-331.898987"/>
   <element name="butterfly_wingbottom" layername="butterfly_wingbottom" frame="0" z_index="2" m_a="0.720289" m_b="1.075467" m_c="-1.075467" m_d="0.720289" m_tx="-8.499000" m_ty="-322.898987"/>
   <element name="butterfly_head" layername="butterfly_head" frame="0" z_index="3" m_a="1.114042" m_b="-0.677505" m_c="0.677505" m_d="1.114042" m_tx="18.250000" m_ty="-332.049011"/>
   <element name="butterfly_body" layername="butterfly_body" frame="0" z_index="4" m_a="0.316323" m_b="1.267196" m_c="-1.267196" m_d="0.316323" m_tx="20.100000" m_ty="-332.098999"/>
   <element name="butterfly_wingtop" layername="butterfly_wingtop" frame="1" z_index="5" m_a="0.657350" m_b="0.926933" m_c="-1.150795" m_d="0.816106" m_tx="12.550000" m_ty="-330.898987"/>
  </frame>
  <frame idx="525" w="211" h="606" x="-65.397659" y="-414.997864">
   <element name="butterfly_wingtop" layername="butterfly_wingtop" frame="0" z_index="1" m_a="1.199634" m_b="0.765548" m_c="-0.753933" m_d="1.181433" m_tx="7.191176" m_ty="-326.237244"/>
   <element name="butterfly_wingbottom" layername="butterfly_wingbottom" frame="0" z_index="2" m_a="0.684944" m_b="1.097414" m_c="-1.097414" m_d="0.684944" m_tx="-9.528412" m_ty="-317.715179"/>
   <element name="butterfly_head" layername="butterfly_head" frame="0" z_index="3" m_a="1.133222" m_b="-0.645001" m_c="0.645001" m_d="1.133222" m_tx="17.551470" m_ty="-326.093140"/>
   <element name="butterfly_body" layername="butterfly_body" frame="0" z_index="4" m_a="0.275849" m_b="1.276663" m_c="-1.276663" m_d="0.275849" m_tx="19.438236" m_ty="-326.106354"/>
   <element name="butterfly_wingtop" layername="butterfly_wingtop" frame="1" z_index="5" m_a="0.630012" m_b="0.956117" m_c="-1.173105" m_d="0.772991" m_tx="11.851471" m_ty="-325.126953"/>
  </frame>
  <frame idx="550" w="213" h="598" x="-67.582214" y="-408.792297">
   <element name="butterfly_wingtop" layername="butterfly_wingtop" frame="0" z_index="1" m_a="1.204346" m_b="0.773930" m_c="-0.758645" m_d="1.180559" m_tx="6.439394" m_ty="-320.441437"/>
   <element name="butterfly_wingbottom" layername="butterfly_wingbottom" frame="0" z_index="2" m_a="0.648496" m_b="1.119424" m_c="-1.119424" m_d="0.648496" m_tx="-10.553545" m_ty="-312.479309"/>
   <element name="butterfly_head" layername="butterfly_head" frame="0" z_index="3" m_a="1.152592" m_b="-0.611570" m_c="0.611570" m_d="1.152592" m_tx="16.839394" m_ty="-319.997498"/>
   <element name="butterfly_body" layername="butterfly_body" frame="0" z_index="4" m_a="0.235866" m_b="1.285007" m_c="-1.285007" m_d="0.235866" m_tx="18.739395" m_ty="-319.973236"/>
   <element name="butterfly_wingtop" layername="butterfly_wingtop" frame="1" z_index="5" m_a="0.602495" m_b="0.986600" m_c="-1.193617" m_d="0.728916" m_tx="11.139394" m_ty="-319.242950"/>
  </frame>
  <frame idx="575" w="214" h="587" x="-69.040161" y="-400.336578">
   <element name="butterfly_wingtop" layername="butterfly_wingtop" frame="0" z_index="1" m_a="1.227064" m_b="0.750685" m_c="-0.730549" m_d="1.194151" m_tx="6.228788" m_ty="-312.970215"/>
   <element name="butterfly_wingbottom" layername="butterfly_wingbottom" frame="0" z_index="2" m_a="0.640006" m_b="1.124297" m_c="-1.124297" m_d="0.640006" m_tx="-11.067182" m_ty="-305.529297"/>
   <element name="butterfly_head" layername="butterfly_head" frame="0" z_index="3" m_a="1.174422" m_b="-0.569740" m_c="0.569740" m_d="1.174422" m_tx="16.543940" m_ty="-312.308105"/>
   <element name="butterfly_body" layername="butterfly_body" frame="0" z_index="4" m_a="0.202462" m_b="1.290826" m_c="-1.290826" m_d="0.202462" m_tx="18.456060" m_ty="-312.245972"/>
   <element name="butterfly_wingtop" layername="butterfly_wingtop" frame="1" z_index="5" m_a="0.575492" m_b="1.016187" m_c="-1.202893" m_d="0.681229" m_tx="10.843939" m_ty="-311.732330"/>
  </frame>
  <frame idx="600" w="214" h="570" x="-69.026382" y="-387.596985">
   <element name="butterfly_wingtop" layername="butterfly_wingtop" frame="0" z_index="1" m_a="1.283384" m_b="0.657137" m_c="-0.630187" m_d="1.230752" m_tx="7.100000" m_ty="-302.098999"/>
   <element name="butterfly_wingbottom" layername="butterfly_wingbottom" frame="0" z_index="2" m_a="0.691734" m_b="1.091851" m_c="-1.091851" m_d="0.691734" m_tx="-10.499000" m_ty="-294.998993"/>
   <element name="butterfly_head" layername="butterfly_head" frame="0" z_index="3" m_a="1.199966" m_b="-0.510772" m_c="0.510772" m_d="1.199966" m_tx="17.150000" m_ty="-301.398987"/>
   <element name="butterfly_body" layername="butterfly_body" frame="0" z_index="4" m_a="0.182560" m_b="1.293086" m_c="-1.293086" m_d="0.182560" m_tx="19.100000" m_ty="-301.299011"/>
   <element name="butterfly_wingtop" layername="butterfly_wingtop" frame="1" z_index="5" m_a="0.550111" m_b="1.042319" m_c="-1.190064" m_d="0.628087" m_tx="11.450000" m_ty="-300.898987"/>
  </frame>
  <frame idx="625" w="215" h="555" x="-68.982697" y="-375.619995">
   <element name="butterfly_wingtop" layername="butterfly_wingtop" frame="0" z_index="1" m_a="1.323680" m_b="0.571437" m_c="-0.544198" m_d="1.260583" m_tx="7.872058" m_ty="-291.547516"/>
   <element name="butterfly_wingbottom" layername="butterfly_wingbottom" frame="0" z_index="2" m_a="0.743481" m_b="1.057545" m_c="-1.057545" m_d="0.743481" m_tx="-10.021059" m_ty="-284.778412"/>
   <element name="butterfly_head" layername="butterfly_head" frame="0" z_index="3" m_a="1.223249" m_b="-0.452671" m_c="0.452671" m_d="1.223249" m_tx="17.775000" m_ty="-290.810760"/>
   <element name="butterfly_body" layername="butterfly_body" frame="0" z_index="4" m_a="0.165643" m_b="1.295162" m_c="-1.295162" m_d="0.165643" m_tx="19.688234" m_ty="-290.674011"/>
   <element name="butterfly_wingtop" layername="butterfly_wingtop" frame="1" z_index="5" m_a="0.527299" m_b="1.071453" m_c="-1.173059" m_d="0.577303" m_tx="12.111765" m_ty="-290.384277"/>
  </frame>
  <frame idx="650" w="215" h="539" x="-68.917412" y="-362.851807">
   <element name="butterfly_wingtop" layername="butterfly_wingtop" frame="0" z_index="1" m_a="1.356774" m_b="0.481788" m_c="-0.457351" m_d="1.287955" m_tx="8.659091" m_ty="-280.815674"/>
   <element name="butterfly_wingbottom" layername="butterfly_wingbottom" frame="0" z_index="2" m_a="0.794829" m_b="1.021084" m_c="-1.021084" m_d="0.794829" m_tx="-9.461122" m_ty="-274.359619"/>
   <element name="butterfly_head" layername="butterfly_head" frame="0" z_index="3" m_a="1.243995" m_b="-0.394484" m_c="0.394484" m_d="1.243995" m_tx="18.412121" m_ty="-279.968689"/>
   <element name="butterfly_body" layername="butterfly_body" frame="0" z_index="4" m_a="0.148233" m_b="1.297266" m_c="-1.297266" m_d="0.148233" m_tx="20.312120" m_ty="-279.794464"/>
   <element name="butterfly_wingtop" layername="butterfly_wingtop" frame="1" z_index="5" m_a="0.502703" m_b="1.100414" m_c="-1.154754" m_d="0.527527" m_tx="12.713636" m_ty="-279.617188"/>
  </frame>
  <frame idx="675" w="213" h="526" x="-67.106789" y="-350.025635">
   <element name="butterfly_wingtop" layername="butterfly_wingtop" frame="0" z_index="1" m_a="1.388123" m_b="0.371801" m_c="-0.350881" m_d="1.310017" m_tx="9.187879" m_ty="-269.921722"/>
   <element name="butterfly_wingbottom" layername="butterfly_wingbottom" frame="0" z_index="2" m_a="0.860754" m_b="0.967789" m_c="-0.967789" m_d="0.860754" m_tx="-8.564152" m_ty="-263.053558"/>
   <element name="butterfly_head" layername="butterfly_head" frame="0" z_index="3" m_a="1.257377" m_b="-0.352271" m_c="0.352271" m_d="1.257377" m_tx="18.922728" m_ty="-269.408081"/>
   <element name="butterfly_body" layername="butterfly_body" frame="0" z_index="4" m_a="0.187227" m_b="1.292126" m_c="-1.292126" m_d="0.187227" m_tx="20.846970" m_ty="-269.305084"/>
   <element name="butterfly_wingtop" layername="butterfly_wingtop" frame="1" z_index="5" m_a="0.536633" m_b="1.097710" m_c="-1.117006" m_d="0.546066" m_tx="13.233334" m_ty="-268.877777"/>
  </frame>
  <frame idx="700" w="206" h="514" x="-60.437214" y="-336.166443">
   <element name="butterfly_wingtop" layername="butterfly_wingtop" frame="0" z_index="1" m_a="1.417841" m_b="0.221445" m_c="-0.205626" m_d="1.316559" m_tx="9.150000" m_ty="-258.898987"/>
   <element name="butterfly_wingbottom" layername="butterfly_wingbottom" frame="0" z_index="2" m_a="0.953380" m_b="0.876585" m_c="-0.876585" m_d="0.953380" m_tx="-7.049000" m_ty="-250.098999"/>
   <element name="butterfly_head" layername="butterfly_head" frame="0" z_index="3" m_a="1.259645" m_b="-0.344560" m_c="0.344560" m_d="1.259645" m_tx="19.150000" m_ty="-259.748993"/>
   <element name="butterfly_body" layername="butterfly_body" frame="0" z_index="4" m_a="0.344386" m_b="1.258863" m_c="-1.258863" m_d="0.344386" m_tx="21.150000" m_ty="-259.949005"/>
   <element name="butterfly_wingtop" layername="butterfly_wingtop" frame="1" z_index="5" m_a="0.690787" m_b="1.013225" m_c="-1.025801" m_d="0.699361" m_tx="13.650000" m_ty="-258.498993"/>
  </frame>
  <frame idx="725" w="197" h="502" x="-52.494480" y="-322.555023">
   <element name="butterfly_wingtop" layername="butterfly_wingtop" frame="0" z_index="1" m_a="1.427673" m_b="0.084225" m_c="-0.077435" m_d="1.312576" m_tx="9.076470" m_ty="-248.200470"/>
   <element name="butterfly_wingbottom" layername="butterfly_wingbottom" frame="0" z_index="2" m_a="1.037628" m_b="0.780175" m_c="-0.780175" m_d="1.037628" m_tx="-5.578412" m_ty="-237.562225"/>
   <element name="butterfly_head" layername="butterfly_head" frame="0" z_index="3" m_a="1.262562" m_b="-0.340467" m_c="0.340467" m_d="1.262562" m_tx="19.407352" m_ty="-250.521057"/>
   <element name="butterfly_body" layername="butterfly_body" frame="0" z_index="4" m_a="0.495273" m_b="1.208703" m_c="-1.208703" m_d="0.495273" m_tx="21.407352" m_ty="-250.868118"/>
   <element name="butterfly_wingtop" layername="butterfly_wingtop" frame="1" z_index="5" m_a="0.809540" m_b="0.908500" m_c="-0.941086" m_d="0.838577" m_tx="14.127941" m_ty="-248.535767"/>
  </frame>
  <frame idx="750" w="192" h="493" x="-46.779762" y="-313.766998">
   <element name="butterfly_wingtop" layername="butterfly_wingtop" frame="0" z_index="1" m_a="1.395767" m_b="0.088919" m_c="-0.083217" m_d="1.306259" m_tx="9.243939" m_ty="-237.585358"/>
   <element name="butterfly_wingbottom" layername="butterfly_wingbottom" frame="0" z_index="2" m_a="1.013319" m_b="0.813973" m_c="-0.813973" m_d="1.013319" m_tx="-4.345970" m_ty="-225.776276"/>
   <element name="butterfly_head" layername="butterfly_head" frame="0" z_index="3" m_a="1.250775" m_b="-0.381823" m_c="0.381823" m_d="1.250775" m_tx="19.572727" m_ty="-240.823242"/>
   <element name="butterfly_body" layername="butterfly_body" frame="0" z_index="4" m_a="0.592882" m_b="1.163713" m_c="-1.163713" m_d="0.592882" m_tx="21.572727" m_ty="-241.295975"/>
   <element name="butterfly_wingtop" layername="butterfly_wingtop" frame="1" z_index="5" m_a="0.937542" m_b="0.784782" m_c="-0.826169" m_d="0.986985" m_tx="14.493939" m_ty="-238.379303"/>
  </frame>
  <frame idx="775" w="188" h="479" x="-42.710098" y="-303.347229">
   <element name="butterfly_wingtop" layername="butterfly_wingtop" frame="0" z_index="1" m_a="1.341793" m_b="0.172384" m_c="-0.166824" m_d="1.298522" m_tx="9.546969" m_ty="-226.992935"/>
   <element name="butterfly_wingbottom" layername="butterfly_wingbottom" frame="0" z_index="2" m_a="0.922611" m_b="0.917955" m_c="-0.917955" m_d="0.922611" m_tx="-3.247485" m_ty="-214.436874"/>
   <element name="butterfly_head" layername="butterfly_head" frame="0" z_index="3" m_a="1.228094" m_b="-0.448896" m_c="0.448896" m_d="1.228094" m_tx="19.674242" m_ty="-230.885361"/>
   <element name="butterfly_body" layername="butterfly_body" frame="0" z_index="4" m_a="0.662498" m_b="1.125485" m_c="-1.125485" m_d="0.662498" m_tx="21.686363" m_ty="-231.459610"/>
   <element name="butterfly_wingtop" layername="butterfly_wingtop" frame="1" z_index="5" m_a="1.076870" m_b="0.636128" m_c="-0.665312" m_d="1.126273" m_tx="14.784848" m_ty="-228.114151"/>
  </frame>
  <frame idx="800" w="184" h="457" x="-37.914917" y="-291.548706">
   <element name="butterfly_wingtop" layername="butterfly_wingtop" frame="0" z_index="1" m_a="1.283185" m_b="0.257314" m_c="-0.257316" m_d="1.283195" m_tx="9.850000" m_ty="-216.348999"/>
   <element name="butterfly_wingbottom" layername="butterfly_wingbottom" frame="0" z_index="2" m_a="0.821492" m_b="1.014531" m_c="-1.014531" m_d="0.821492" m_tx="-2.149000" m_ty="-203.149002"/>
   <element name="butterfly_head" layername="butterfly_head" frame="0" z_index="3" m_a="1.202258" m_b="-0.517060" m_c="0.517060" m_d="1.202258" m_tx="19.750000" m_ty="-220.998993"/>
   <element name="butterfly_body" layername="butterfly_body" frame="0" z_index="4" m_a="0.732457" m_b="1.083503" m_c="-1.083503" m_d="0.732457" m_tx="21.799999" m_ty="-221.649002"/>
   <element name="butterfly_wingtop" layername="butterfly_wingtop" frame="1" z_index="5" m_a="1.227253" m_b="0.452222" m_c="-0.452222" m_d="1.227253" m_tx="15.050000" m_ty="-217.848999"/>
  </frame>
  <frame idx="825" w="185" h="481" x="-38.250137" y="-307.803986">
   <element name="butterfly_wingtop" layername="butterfly_wingtop" frame="0" z_index="1" m_a="1.417072" m_b="-0.175327" m_c="0.167030" m_d="1.350005" m_tx="11.357352" m_ty="-231.643112"/>
   <element name="butterfly_wingbottom" layername="butterfly_wingbottom" frame="0" z_index="2" m_a="1.114187" m_b="0.675161" m_c="-0.675161" m_d="1.114187" m_tx="-0.201206" m_ty="-217.082825"/>
   <element name="butterfly_head" layername="butterfly_head" frame="0" z_index="3" m_a="1.166786" m_b="-0.589703" m_c="0.589703" m_d="1.166786" m_tx="20.485294" m_ty="-236.219589"/>
   <element name="butterfly_body" layername="butterfly_body" frame="0" z_index="4" m_a="0.796869" m_b="1.034665" m_c="-1.034665" m_d="0.796869" m_tx="22.572060" m_ty="-237.053406"/>
   <element name="butterfly_wingtop" layername="butterfly_wingtop" frame="1" z_index="5" m_a="1.082588" m_b="0.582197" m_c="-0.605085" m_d="1.125147" m_tx="16.005882" m_ty="-232.812241"/>
  </frame>
  <frame idx="850" w="185" h="491" x="-37.960228" y="-316.205017">
   <element name="butterfly_wingtop" layername="butterfly_wingtop" frame="0" z_index="1" m_a="1.421030" m_b="-0.453431" m_c="0.424836" m_d="1.331414" m_tx="12.215152" m_ty="-240.542938"/>
   <element name="butterfly_wingbottom" layername="butterfly_wingbottom" frame="0" z_index="2" m_a="1.225012" m_b="0.441936" m_c="-0.441936" m_d="1.225012" m_tx="0.912121" m_ty="-225.153549"/>
   <element name="butterfly_head" layername="butterfly_head" frame="0" z_index="3" m_a="1.144552" m_b="-0.632504" m_c="0.632504" m_d="1.144552" m_tx="20.968182" m_ty="-245.068695"/>
   <element name="butterfly_body" layername="butterfly_body" frame="0" z_index="4" m_a="0.834624" m_b="1.004815" m_c="-1.004815" m_d="0.834624" m_tx="22.971212" m_ty="-245.968689"/>
   <element name="butterfly_wingtop" layername="butterfly_wingtop" frame="1" z_index="5" m_a="0.999233" m_b="0.645146" m_c="-0.681924" m_d="1.056197" m_tx="16.543940" m_ty="-241.520218"/>
  </frame>
  <frame idx="875" w="184" h="499" x="-37.573112" y="-322.812134">
   <element name="butterfly_wingtop" layername="butterfly_wingtop" frame="0" z_index="1" m_a="1.430318" m_b="-0.466561" m_c="0.436205" m_d="1.337257" m_tx="12.271213" m_ty="-245.930817"/>
   <element name="butterfly_wingbottom" layername="butterfly_wingbottom" frame="0" z_index="2" m_a="1.230329" m_b="0.425434" m_c="-0.425434" m_d="1.230329" m_tx="1.313636" m_ty="-230.447479"/>
   <element name="butterfly_head" layername="butterfly_head" frame="0" z_index="3" m_a="1.129283" m_b="-0.660047" m_c="0.660047" m_d="1.129283" m_tx="20.921213" m_ty="-250.564163"/>
   <element name="butterfly_body" layername="butterfly_body" frame="0" z_index="4" m_a="0.858793" m_b="0.984716" m_c="-0.984716" m_d="0.858793" m_tx="22.809092" m_ty="-251.500519"/>
   <element name="butterfly_wingtop" layername="butterfly_wingtop" frame="1" z_index="5" m_a="0.998369" m_b="0.640034" m_c="-0.683327" m_d="1.065900" m_tx="16.495455" m_ty="-246.964157"/>
  </frame>
  <frame idx="900" w="182" h="508" x="-36.824310" y="-330.844879">
   <element name="butterfly_wingtop" layername="butterfly_wingtop" frame="0" z_index="1" m_a="1.467777" m_b="-0.150671" m_c="0.140188" m_d="1.365654" m_tx="11.400000" m_ty="-251.498993"/>
   <element name="butterfly_wingbottom" layername="butterfly_wingbottom" frame="0" z_index="2" m_a="1.115443" m_b="0.665333" m_c="-0.665333" m_d="1.115443" m_tx="1.200000" m_ty="-236.848999"/>
   <element name="butterfly_head" layername="butterfly_head" frame="0" z_index="3" m_a="1.109790" m_b="-0.688952" m_c="0.688952" m_d="1.109790" m_tx="20.049999" m_ty="-256.549011"/>
   <element name="butterfly_body" layername="butterfly_body" frame="0" z_index="4" m_a="0.883437" m_b="0.959890" m_c="-0.959890" m_d="0.883437" m_tx="21.900000" m_ty="-257.598999"/>
   <element name="butterfly_wingtop" layername="butterfly_wingtop" frame="1" z_index="5" m_a="1.085609" m_b="0.541288" m_c="-0.591299" m_d="1.185912" m_tx="15.700000" m_ty="-252.949005"/>
  </frame>
  <frame idx="925" w="179" h="513" x="-34.783039" y="-338.136871">
   <element name="butterfly_wingtop" layername="butterfly_wingtop" frame="0" z_index="1" m_a="1.425394" m_b="0.144824" m_c="-0.137218" m_d="1.350531" m_tx="10.517647" m_ty="-256.903412"/>
   <element name="butterfly_wingbottom" layername="butterfly_wingbottom" frame="0" z_index="2" m_a="0.961955" m_b="0.872391" m_c="-0.872391" m_d="0.961955" m_tx="1.052941" m_ty="-243.025467"/>
   <element name="butterfly_head" layername="butterfly_head" frame="0" z_index="3" m_a="1.091862" m_b="-0.719047" m_c="0.719047" m_d="1.091862" m_tx="19.167646" m_ty="-262.468109"/>
   <element name="butterfly_body" layername="butterfly_body" frame="0" z_index="4" m_a="0.909584" m_b="0.936812" m_c="-0.936812" m_d="0.909584" m_tx="20.907352" m_ty="-263.554871"/>
   <element name="butterfly_wingtop" layername="butterfly_wingtop" frame="1" z_index="5" m_a="1.170763" m_b="0.425567" m_c="-0.471754" m_d="1.297826" m_tx="14.891177" m_ty="-258.610748"/>
  </frame>
  <frame idx="950" w="177" h="509" x="-34.277523" y="-343.164154">
   <element name="butterfly_wingtop" layername="butterfly_wingtop" frame="0" z_index="1" m_a="1.383855" m_b="0.141744" m_c="-0.136586" m_d="1.333497" m_tx="10.200000" m_ty="-262.752014"/>
   <element name="butterfly_wingbottom" layername="butterfly_wingbottom" frame="0" z_index="2" m_a="0.951506" m_b="0.884971" m_c="-0.884971" m_d="0.951506" m_tx="1.436364" m_ty="-248.400513"/>
   <element name="butterfly_head" layername="butterfly_head" frame="0" z_index="3" m_a="1.059901" m_b="-0.765545" m_c="0.765545" m_d="1.059901" m_tx="18.704546" m_ty="-268.914154"/>
   <element name="butterfly_body" layername="butterfly_body" frame="0" z_index="4" m_a="0.949216" m_b="0.896783" m_c="-0.896783" m_d="0.949216" m_tx="20.380302" m_ty="-270.062653"/>
   <element name="butterfly_wingtop" layername="butterfly_wingtop" frame="1" z_index="5" m_a="1.231884" m_b="0.295197" m_c="-0.321538" m_d="1.341805" m_tx="14.600000" m_ty="-264.818695"/>
  </frame>
  <frame idx="975" w="176" h="505" x="-34.469986" y="-346.313110">
   <element name="butterfly_wingtop" layername="butterfly_wingtop" frame="0" z_index="1" m_a="1.362781" m_b="0.034186" m_c="-0.033310" m_d="1.327852" m_tx="10.200000" m_ty="-266.898987"/>
   <element name="butterfly_wingbottom" layername="butterfly_wingbottom" frame="0" z_index="2" m_a="1.005790" m_b="0.824227" m_c="-0.824227" m_d="1.005790" m_tx="1.900000" m_ty="-251.748993"/>
   <element name="butterfly_head" layername="butterfly_head" frame="0" z_index="3" m_a="1.031723" m_b="-0.802597" m_c="0.802597" m_d="1.031723" m_tx="18.549999" m_ty="-273.498993"/>
   <element name="butterfly_body" layername="butterfly_body" frame="0" z_index="4" m_a="0.980294" m_b="0.862180" m_c="-0.862180" m_d="0.980294" m_tx="20.200001" m_ty="-274.699005"/>
   <element name="butterfly_wingtop" layername="butterfly_wingtop" frame="1" z_index="5" m_a="1.260695" m_b="0.201141" m_c="-0.213846" m_d="1.340328" m_tx="14.600000" m_ty="-269.248993"/>
  </frame>
 </anim>
</Anims>
